"source","term_name","sig_module","num_sig_module","p_adjusted"
"GO:MF","RAGE receptor binding","30",1,"1.66376e-05"
"GO:MF","protein binding","1",1,"0.000150908"
"GO:MF","calcium ion binding","3",1,"0.000504879"
"GO:MF","oligosaccharide binding","49",1,"0.000676631"
"GO:MF","voltage-gated cation channel activity","1",1,"0.002563767"
"GO:MF","DNA-binding transcription repressor activity, RNA polymerase II-specific","55",1,"0.007977163"
"GO:MF","DNA-binding transcription repressor activity","55",1,"0.008129655"
"GO:MF","peptidase activity","15",1,"0.008197509"
"GO:MF","opsin binding","57",1,"0.008730999"
"GO:MF","bicarbonate transmembrane transporter activity","1",1,"0.010127542"
"GO:MF","cytokine binding","1",1,"0.01289667"
"GO:MF","cysteine-type peptidase activity","32",1,"0.013960782"
"GO:MF","DNA-binding transcription factor activity, RNA polymerase II-specific","55",1,"0.014795605"
"GO:MF","thiol-dependent ubiquitin-specific protease activity","32",1,"0.017616842"
"GO:MF","ubiquitinyl hydrolase activity","32",1,"0.017616842"
"GO:MF","oxidoreductase activity, acting on paired donors, with incorporation or reduction of molecular oxygen","41",1,"0.020912138"
"GO:MF","transcription regulatory region sequence-specific DNA binding","55",1,"0.021832308"
"GO:MF","regulatory region nucleic acid binding","55",1,"0.021979771"
"GO:MF","Toll-like receptor 4 binding","30",1,"0.02995371"
"GO:MF","omega peptidase activity","32",1,"0.030504553"
"GO:MF","transcription termination site sequence-specific DNA binding","7",1,"0.030658523"
"GO:MF","metal ion transmembrane transporter activity","1",1,"0.031491147"
"GO:MF","glycosphingolipid binding","49",1,"0.034552861"
"GO:MF","serine-type endopeptidase activity","15",1,"0.043407496"
"GO:MF","peptide YY receptor activity","14",1,"0.047600086"
"GO:MF","amine transmembrane transporter activity","9",1,"0.049905649"
"GO:BP","system development","2",1,"1.51458e-06"
"GO:BP","anatomical structure development","2;3",2,"4.96342e-06;0.010976475"
"GO:BP","multicellular organism development","2",1,"1.08539e-05"
"GO:BP","developmental process","2;3",2,"4.33662e-05;0.039063634"
"GO:BP","regulation of localization","1",1,"0.000294569"
"GO:BP","positive regulation of biological process","2",1,"0.000836535"
"GO:BP","morphogenesis of a branching epithelium","3",1,"0.000871564"
"GO:BP","morphogenesis of a branching structure","3",1,"0.000900067"
"GO:BP","cell development","2",1,"0.001241109"
"GO:BP","nervous system development","2",1,"0.001274613"
"GO:BP","positive regulation of cellular process","2",1,"0.001501552"
"GO:BP","multicellular organismal process","2",1,"0.00170699"
"GO:BP","branching morphogenesis of an epithelial tube","3",1,"0.001975927"
"GO:BP","regulation of ion transport","1",1,"0.003041867"
"GO:BP","ion transport","1",1,"0.003379848"
"GO:BP","multicellular organismal signaling","1",1,"0.005056329"
"GO:BP","embryo development","2",1,"0.005312817"
"GO:BP","regulation of system process","1",1,"0.00561637"
"GO:BP","reproduction","2",1,"0.006166998"
"GO:BP","reproductive process","2",1,"0.009462395"
"GO:BP","animal organ development","2",1,"0.009496328"
"GO:BP","cell differentiation","2;3",2,"0.009610984;0.036273536"
"GO:BP","cell surface receptor signaling pathway","2",1,"0.013728226"
"GO:BP","embryonic morphogenesis","2",1,"0.013994279"
"GO:BP","response to oxygen-containing compound","2",1,"0.014588537"
"GO:BP","regulation of blood circulation","1",1,"0.017162608"
"GO:BP","cardiac conduction","1",1,"0.017759442"
"GO:BP","cardiac right atrium morphogenesis","28",1,"0.018861153"
"GO:BP","ion transmembrane transport","1",1,"0.019409703"
"GO:BP","neutrophil aggregation","30",1,"0.020196153"
"GO:BP","regulation of catalytic activity","1",1,"0.021490836"
"GO:BP","regulation of multicellular organismal process","2",1,"0.023009724"
"GO:BP","inorganic ion transmembrane transport","1",1,"0.026336768"
"GO:BP","leukocyte tethering or rolling","49",1,"0.028189079"
"GO:BP","myoblast differentiation","2",1,"0.030414222"
"GO:BP","signaling","1",1,"0.030550834"
"GO:BP","extracellular matrix organization","2",1,"0.03110168"
"GO:BP","positive regulation of nitrogen compound metabolic process","3",1,"0.032179678"
"GO:BP","heart process","1",1,"0.032768954"
"GO:BP","regulation of immune effector process","28",1,"0.032843971"
"GO:BP","extracellular structure organization","2",1,"0.032994888"
"GO:BP","heart contraction","1",1,"0.036448318"
"GO:BP","regionalization","2",1,"0.037307346"
"GO:BP","pattern specification process","2",1,"0.040678767"
"GO:BP","cellular developmental process","2",1,"0.041453335"
"GO:BP","lipid localization","1",1,"0.045413783"
"GO:BP","growth","2",1,"0.045563617"
"GO:BP","regulation of developmental process","2",1,"0.047110582"
"GO:BP","muscle structure development","8",1,"0.048481723"
"GO:BP","paraxial mesodermal cell fate commitment","13",1,"0.04992313"
"GO:BP","positive regulation of cell fate specification","13",1,"0.04992313"
"GO:BP","paraxial mesodermal cell differentiation","13",1,"0.04992313"
"GO:CC","extracellular matrix","1;2;3",3,"0.020535087;0.000304271;0.042961533"
"GO:CC","neuronal cell body","1",1,"0.00047386"
"GO:CC","cell projection","1",1,"0.000704697"
"GO:CC","collagen-containing extracellular matrix","1;2;3",3,"0.032939654;0.001405367;0.03994246"
"GO:CC","intrinsic component of plasma membrane","1;4;6;7",4,"0.003384886;0.001732306;0.031234233;0.03260533"
"GO:CC","cell body","1",1,"0.001899183"
"GO:CC","somatodendritic compartment","1",1,"0.002271153"
"GO:CC","integral component of plasma membrane","1;4;6;7",4,"0.024692937;0.003750721;0.037249198;0.015013593"
"GO:CC","extracellular region","15",1,"0.00379309"
"GO:CC","tertiary granule lumen","36",1,"0.004075681"
"GO:CC","neuron projection","1",1,"0.006106591"
"GO:CC","plasma membrane bounded cell projection","1",1,"0.009059653"
"GO:CC","synaptic membrane","4",1,"0.010601857"
"GO:CC","growth factor complex","2",1,"0.01117983"
"GO:CC","tRNA methyltransferase complex","2",1,"0.01117983"
"GO:CC","insulin-like growth factor binding protein complex","2",1,"0.01117983"
"GO:CC","ion channel complex","4",1,"0.015170603"
"GO:CC","central element","51",1,"0.015458"
"GO:CC","syntrophin complex","28",1,"0.016361184"
"GO:CC","endoplasmic reticulum","1",1,"0.018087372"
"GO:CC","tertiary granule","36",1,"0.022171755"
"GO:CC","growth cone","27",1,"0.030500272"
"GO:CC","cytoskeleton of presynaptic active zone","24",1,"0.033848779"
"GO:CC","site of polarized growth","27",1,"0.037239099"
"GO:CC","transmembrane transporter complex","4",1,"0.042889536"
"GO:CC","tRNA (m1A) methyltransferase complex","2",1,"0.048325763"
"KEGG","ErbB signaling pathway","21",1,"0.008964903"
"KEGG","Neuroactive ligand-receptor interaction","3",1,"0.015524997"
"KEGG","Mucin type O-glycan biosynthesis","20",1,"0.016931426"
"KEGG","Human papillomavirus infection","2",1,"0.019400355"
"KEGG","Prolactin signaling pathway","2",1,"0.041320205"
"KEGG","Cocaine addiction","2;26",2,"0.04269822;0.049447144"
"KEGG","PI3K-Akt signaling pathway","21",1,"0.048894331"
"REAC","Degradation of the extracellular matrix","2",1,"0.006703031"
"REAC","Activation of Matrix Metalloproteinases","48",1,"0.021114366"
"REAC","Synthesis of IP3 and IP4 in the cytosol","29",1,"0.039744183"
"REAC","Metal sequestration by antimicrobial proteins","30",1,"0.044326521"
"REAC","Molybdenum cofactor biosynthesis","14",1,"0.049873862"
"WP","Joubert Syndrome","50",1,"0.000450906"
"WP","22q11.2 copy number variation syndrome","11",1,"0.002134756"
"WP","MAPK pathway in congenital thyroid cancer","21",1,"0.002257034"
"WP","Dopaminergic Neurogenesis","2;22",2,"0.003248972;0.027308679"
"WP","Vitamin A and Carotenoid Metabolism","44",1,"0.013676292"
"WP","Ciliopathies","50",1,"0.014037756"
"WP","Sleep regulation","3",1,"0.019315282"
"WP","EGFR Tyrosine Kinase Inhibitor Resistance","21",1,"0.020426792"
"WP","ErbB Signaling Pathway","21",1,"0.026670229"
"WP","Platelet-mediated interactions with vascular and circulating cells","49",1,"0.035852487"
"WP","Prostaglandin Synthesis and Regulation","57",1,"0.042093423"
"WP","Pathways Regulating Hippo Signaling","51",1,"0.042344611"
"WP","Disruption of postsynaptic signalling by CNV","28",1,"0.044629116"
"TF","Factor: GEMIN3; motif: NCWGGRARRGRGNGNG","2",1,"7.36e-07"
"TF","Factor: AP-2; motif: GSCCSCRGGCNRNRNN","2",1,"4.78807e-05"
"TF","Factor: GKLF; motif: NNRRGRRNGNSNNN; match class: 1","2",1,"0.000102345"
"TF","Factor: MAZ; motif: GGGGAGGG","2",1,"0.000167469"
"TF","Factor: LRF; motif: GGGGKYNNB; match class: 1","2",1,"0.000412788"
"TF","Factor: CKROX; motif: SCCCTCCCC","2",1,"0.00072044"
"TF","Factor: MAZ; motif: GGGGGAGGGGGNGRGRRRGNRG","2",1,"0.000900698"
"TF","Factor: CPBP; motif: GNNRGGGHGGGGNNGGGRN","2",1,"0.001027691"
"TF","Factor: ZNF37A; motif: CCYYGGCTCCNTSCCMN","1;2",2,"0.001377462;0.008293335"
"TF","Factor: SMAD5; motif: GSGGCAGM","4",1,"0.001687267"
"TF","Factor: AP2; motif: GCCYGSGGSN; match class: 1","2",1,"0.001695757"
"TF","Factor: DB1; motif: GGRRRRGRRGGAGGGGGNGRRR","2",1,"0.00172076"
"TF","Factor: SALL2; motif: GGGTGGG","4",1,"0.001794976"
"TF","Factor: AP-2alpha; motif: NGCCYSNNGSN","1;2",2,"0.024912336;0.001901856"
"TF","Factor: AP-2alpha; motif: NGCCYSNNGSN; match class: 1","1;2",2,"0.002297874;0.033494937"
"TF","Factor: MAZ; motif: NKGGGAGGGGRGGR","2;9",2,"0.002416849;0.034418742"
"TF","Factor: Miz-1; motif: NNRGGWGGGGGAGGGGMRR","2",1,"0.003461806"
"TF","Factor: ZNF37A; motif: CCYYGGCTCCNTSCCMN; match class: 1","1",1,"0.005585316"
"TF","Factor: AML3; motif: AACCACAN; match class: 1","20",1,"0.005808019"
"TF","Factor: CTCF; motif: NCCRSTAGGGGGCGC; match class: 1","1",1,"0.007218711"
"TF","Factor: LRF; motif: GGGGKYNNB","2",1,"0.008456146"
"TF","Factor: REST; motif: TTCAGCACCAYGGACAGCKCCN","3",1,"0.009026961"
"TF","Factor: AP-2gamma; motif: GCCYNNGGS","2",1,"0.010872796"
"TF","Factor: CPBP; motif: GNNRGGGHGGGGNNGGGRN; match class: 1","2",1,"0.012032769"
"TF","Factor: ctcf; motif: CCRSCAGGGGGCGCN; match class: 1","1",1,"0.013278371"
"TF","Factor: GLIS2; motif: ACCCCCCRCGWNGC","1",1,"0.014652481"
"TF","Factor: ZF5; motif: NRNGNGCGCGCWN","2",1,"0.014752471"
"TF","Factor: AR; motif: GGTACANNRTGTTCT; match class: 1","26",1,"0.014799853"
"TF","Factor: ZNF436; motif: TCMRGGARGGCTTCCTGGAGGAGG","53",1,"0.017944065"
"TF","Factor: ctcf; motif: CCRSCAGGGGGCGCN","2",1,"0.018946477"
"TF","Factor: GKLF; motif: NNRRGRRNGNSNNN","2",1,"0.01909787"
"TF","Factor: FOXC2; motif: NGTMAATATTKACN","25",1,"0.019280971"
"TF","Factor: AP-2gamma; motif: NTGSCCTGRGGSNN; match class: 1","1",1,"0.022882037"
"TF","Factor: AP-2; motif: MKCCCSCNGGCG","2",1,"0.024829876"
"TF","Factor: AR; motif: RGGWACAYNGTGTWCYN; match class: 1","26",1,"0.026261569"
"TF","Factor: MOVO-B; motif: GNGGGGG; match class: 1","1",1,"0.02642951"
"TF","Factor: ZIC4; motif: NNCCNCCCRYNGYGN; match class: 1","2",1,"0.030249596"
"TF","Factor: TFDP1; motif: NSGCGGGAANN; match class: 1","17",1,"0.032240762"
"TF","Factor: WT1; motif: CGCCCCCNCN","2",1,"0.033800769"
"TF","Factor: WT1; motif: NGCGGGGGGGTSMMCYN","2",1,"0.034057626"
"TF","Factor: ETF; motif: CCCCGCCCCYN","2",1,"0.03451635"
"TF","Factor: REST; motif: TTCAGCACCAYGGACAGCKCCN","3",1,"0.036936158"
"TF","Factor: AP-2beta; motif: GCNNNGGSCNGVGGGN","1",1,"0.037430348"
"TF","Factor: Sp2; motif: TGGGCGCGCCCA","2",1,"0.041421091"
"TF","Factor: AP2; motif: GCCYGSGGSN","2",1,"0.042473304"
"TF","Factor: E2F-2; motif: GCGCGCGCNCS; match class: 1","2",1,"0.044911874"
"MIRNA","hsa-miR-4677-5p","17",1,"0.022003689"
"HPA","pituitary gland; cells in anterior [High]","38",1,"0.011233095"
"HPA","caudate; glial cells[≥Medium]","28",1,"0.013063774"
"HPA","pituitary gland; cells in anterior [≥Medium]","38",1,"0.034615701"
"HPA","pituitary gland; cells in anterior [≥Low]","38",1,"0.041443284"
"HPA","pituitary gland","38",1,"0.043897732"
"CORUM","Calprotectin heterotetramer","30",1,"0.008345783"
"CORUM","iNOS-S100A8/A9 complex","30",1,"0.024982064"
"CORUM","Glutamate receptor 8 complex, metabotropic","57",1,"0.049704877"
"CORUM","GNAI1-GNB5-GNG11 complex","13",1,"0.049954188"
"CORUM","GNAI1-GNB3-GNG11 complex","13",1,"0.049954188"
"CORUM","GNAI1-GNB2-GNG11 complex","13",1,"0.049954188"
"CORUM","GNAI1-GNB1-GNG11 complex","13",1,"0.049954188"
"CORUM","GNAI1-GNB4-GNG11 complex","13",1,"0.049954188"
"HP","Broad foot","18",1,"0.015387116"
"HP","Atrial fibrillation","1",1,"0.016816532"
"HP","Atrial arrhythmia","1",1,"0.017303614"
"HP","Dysmenorrhea","18",1,"0.025588371"
"HP","Aplasia/Hypoplasia involving the pelvis","26",1,"0.025705964"
"HP","Elevated levels of phytanic acid","5",1,"0.030070181"
"HP","Abnormal circulating phytanic acid level","5",1,"0.030070181"
